{
  "model": "gpt-4o-mini",
  "edge_mode": "discovered_hard",
  "n_total": 20,
  "n_ok": 20,
  "n_error": 0,
  "overall": {
    "n": 20,
    "off_trivial_pass": 0.1,
    "on_trivial_pass": 0.75,
    "delta_trivial_pass": 0.65,
    "off_after_raw": 0.15,
    "on_after_raw": 0.8,
    "delta_after_raw": 0.65
  },
  "hop1": {
    "n": 13,
    "off_trivial_pass": 0.15384615384615385,
    "on_trivial_pass": 0.7692307692307693,
    "delta_trivial_pass": 0.6153846153846154,
    "off_after_raw": 0.15384615384615385,
    "on_after_raw": 0.7692307692307693,
    "delta_after_raw": 0.6153846153846154
  },
  "hop2": {
    "n": 7,
    "off_trivial_pass": 0.0,
    "on_trivial_pass": 0.7142857142857143,
    "delta_trivial_pass": 0.7142857142857143,
    "off_after_raw": 0.14285714285714285,
    "on_after_raw": 0.8571428571428571,
    "delta_after_raw": 0.7142857142857142
  },
  "edge_discovery": {
    "overall": {
      "n": 20,
      "n_tp": 78,
      "n_pred": 377,
      "n_gold": 80,
      "micro_precision": 0.20689655172413793,
      "micro_recall": 0.975,
      "macro_precision": 0.42684537391962196,
      "macro_recall": 0.9775
    },
    "hop1": {
      "n": 13,
      "n_tp": 50,
      "n_pred": 241,
      "n_gold": 50,
      "micro_precision": 0.2074688796680498,
      "micro_recall": 1.0,
      "macro_precision": 0.41163179612494666,
      "macro_recall": 1.0
    },
    "hop2": {
      "n": 7,
      "n_tp": 28,
      "n_pred": 136,
      "n_gold": 30,
      "micro_precision": 0.20588235294117646,
      "micro_recall": 0.9333333333333333,
      "macro_precision": 0.4550991612525904,
      "macro_recall": 0.9357142857142857
    }
  },
  "cost": {
    "total_oracle_calls": 288,
    "oracle_calls_per_case": 14.4,
    "ingest_llm": {
      "calls": 502,
      "prompt_tokens": 201313,
      "completion_tokens": 15809,
      "total_tokens": 217122,
      "tokens_are_real": true,
      "estimated_calls": 0
    },
    "inference_llm": {
      "calls": 60,
      "prompt_tokens": 22878,
      "completion_tokens": 469,
      "total_tokens": 23347,
      "tokens_are_real": true,
      "estimated_calls": 0
    },
    "oracle_llm": {
      "calls": 288,
      "prompt_tokens": 37050,
      "completion_tokens": 6280,
      "total_tokens": 43330,
      "tokens_are_real": true,
      "estimated_calls": 0
    }
  },
  "meme_baseline_static": {
    "six_systems_cascade_avg_acc": 0.03,
    "mdflat_opus47_cascade_acc": 0.32,
    "mdflat_opus47_cost_multiple": 70
  }
}