{
  "model": "gpt-4o-mini",
  "edge_mode": "discovered_hard",
  "n_total": 20,
  "n_ok": 19,
  "n_error": 1,
  "overall": {
    "n": 19,
    "off_trivial_pass": 0.21052631578947367,
    "on_trivial_pass": 0.3684210526315789,
    "delta_trivial_pass": 0.15789473684210525,
    "off_after_raw": 0.21052631578947367,
    "on_after_raw": 0.47368421052631576,
    "delta_after_raw": 0.2631578947368421
  },
  "hop1": {
    "n": 12,
    "off_trivial_pass": 0.16666666666666666,
    "on_trivial_pass": 0.25,
    "delta_trivial_pass": 0.08333333333333334,
    "off_after_raw": 0.16666666666666666,
    "on_after_raw": 0.25,
    "delta_after_raw": 0.08333333333333334
  },
  "hop2": {
    "n": 7,
    "off_trivial_pass": 0.2857142857142857,
    "on_trivial_pass": 0.5714285714285714,
    "delta_trivial_pass": 0.2857142857142857,
    "off_after_raw": 0.2857142857142857,
    "on_after_raw": 0.8571428571428571,
    "delta_after_raw": 0.5714285714285714
  },
  "edge_discovery": {
    "overall": {
      "n": 19,
      "n_tp": 41,
      "n_pred": 536,
      "n_gold": 76,
      "micro_precision": 0.07649253731343283,
      "micro_recall": 0.5394736842105263,
      "macro_precision": 0.12980717527603078,
      "macro_recall": 0.5394736842105263
    },
    "hop1": {
      "n": 12,
      "n_tp": 26,
      "n_pred": 314,
      "n_gold": 46,
      "micro_precision": 0.08280254777070063,
      "micro_recall": 0.5652173913043478,
      "macro_precision": 0.1396694094046829,
      "macro_recall": 0.5569444444444445
    },
    "hop2": {
      "n": 7,
      "n_tp": 15,
      "n_pred": 222,
      "n_gold": 30,
      "micro_precision": 0.06756756756756757,
      "micro_recall": 0.5,
      "macro_precision": 0.1129004881983414,
      "macro_recall": 0.5095238095238095
    }
  },
  "cost": {
    "total_oracle_calls": 373,
    "oracle_calls_per_case": 19.63157894736842,
    "ingest_llm": {
      "calls": 616,
      "prompt_tokens": 263000,
      "completion_tokens": 19971,
      "total_tokens": 282971,
      "tokens_are_real": true,
      "estimated_calls": 0
    },
    "inference_llm": {
      "calls": 60,
      "prompt_tokens": 16689,
      "completion_tokens": 454,
      "total_tokens": 17143,
      "tokens_are_real": true,
      "estimated_calls": 0
    },
    "oracle_llm": {
      "calls": 381,
      "prompt_tokens": 45570,
      "completion_tokens": 7932,
      "total_tokens": 53502,
      "tokens_are_real": true,
      "estimated_calls": 0
    }
  },
  "meme_baseline_static": {
    "six_systems_cascade_avg_acc": 0.03,
    "mdflat_opus47_cascade_acc": 0.32,
    "mdflat_opus47_cost_multiple": 70
  }
}